<core:FragmentDefinition
	xmlns:template="http://schemas.sap.com/sapui5/extension/sap.ui.core.template/1"
	xmlns="sap.m"
	xmlns:core="sap.ui.core">
	<Table itemPress=".handleItemPress"
			items="{parts : [{path: 'entitySet>'}, {path: 'this>tableBindingPath'}, {path: 'this>listBindingName'}], formatter: '.TABLE.createAggregationBinding'}"
			growing="true"
			growingScrollToLoad="{this>growingScrollToLoad}"
			growingThreshold="{this>growingThreshold}"
			selectionChange="handleSelectionChange"
			enableBusyIndicator="false"
			noDataText="{$i18n>table.NO_DATA_TEXT}">
		<headerToolbar>
			<core:Fragment fragmentName="sap.ui.mdc.internal.table.TableToolbar" type="XML"/>
		</headerToolbar>
		<!--This Fragment is for Column Header and Item in Responsive Tabe -->
		<columns>
			<template:repeat list="{lineItem>}" var="dataField">
				<template:if test="{= !(${dataField>$Type} === 'com.sap.vocabularies.UI.v1.DataFieldForAction' &amp;&amp; ${dataField>Inline} !== true) &amp;&amp; !(${dataField>Value/$Path@com.sap.vocabularies.UI.v1.Hidden} === true) &amp;&amp; !(${dataField>Value@com.sap.vocabularies.UI.v1.Hidden} === true) }">
					<core:Fragment fragmentName="sap.ui.mdc.internal.table.responsivetable.ResponsiveTableColumn" type="XML"/>
				</template:if>
			</template:repeat>
		</columns>
		<items>
			<ColumnListItem type="{this>interactionType}">
				<cells>
					<template:repeat list="{lineItem>}" var="dataField">
						<template:if test="{= !(${dataField>$Type} === 'com.sap.vocabularies.UI.v1.DataFieldForAction' &amp;&amp; ${dataField>Inline} !== true) &amp;&amp; !(${dataField>Value@com.sap.vocabularies.UI.v1.Hidden} === true) &amp;&amp; !(${dataField>Value/$Path@com.sap.vocabularies.UI.v1.Hidden} === true) }">
							<core:Fragment fragmentName="sap.ui.mdc.internal.field.Field" type="XML"/>
						</template:if>
					</template:repeat>
				</cells>
			</ColumnListItem>
		</items>
	</Table>
</core:FragmentDefinition>
