<core:FragmentDefinition xmlns:template="http://schemas.sap.com/sapui5/extension/sap.ui.core.template/1"
						 xmlns:core="sap.ui.core"
						 xmlns="sap.m">

	<template:alias name=".MODEL" value="sap.ui.model.odata.v4.AnnotationHelper">
	<template:alias name=".FIELD" value="sap.ui.mdc.Field._helper">
		<template:if test="{= ${dataField>$Type} === 'com.sap.vocabularies.UI.v1.DataField' || ${dataField>$Type} === 'com.sap.vocabularies.UI.v1.DataFieldWithIntentBasedNavigation' || ${dataField>$Type} === 'com.sap.vocabularies.UI.v1.DataFieldWithUrl'}">
			<template:then>
				<template:with path="dataField>Value" var="property">
					<core:Fragment fragmentName="sap.ui.mdc.internal.field.DataField" type="XML"/>
				</template:with>
			</template:then>

			<template:elseif test="{= ${dataField>$Type} === 'com.sap.vocabularies.UI.v1.DataFieldForAnnotation'}">
				<template:with path="dataField>Target/$AnnotationPath" var="annotationPath">
					<core:Fragment fragmentName="sap.ui.mdc.internal.field.DataFieldForAnnotation"
								   type="XML"/>
				</template:with>
			</template:elseif>

			<template:elseif test="{= ${dataField>$Type} === 'com.sap.vocabularies.UI.v1.DataFieldForAction'}">
				<template:with path="dataField>" var="dataFieldForAction">
					<core:Fragment fragmentName="sap.ui.mdc.internal.field.DataFieldForAction" type="XML"/>
				</template:with>
			</template:elseif>

			<template:elseif test="{= ${dataField>$kind} === 'Property'}">
				<template:if test="{dataField>@com.sap.vocabularies.UI.v1.DataFieldDefault}">
					<template:then>
						<template:with path="dataField>@com.sap.vocabularies.UI.v1.DataFieldDefault" var="dataField">
							<!-- There is a default data field therefore we jump to it and run the same logic again -->
							<core:Fragment fragmentName="sap.ui.mdc.internal.field.Field" type="XML"/>
						</template:with>
					</template:then>

					<template:else>
						<!-- TODO: next step, support basic annotations of a property path -->
						<Text text="{= '{' + ${dataField>@sapui.name} + '}' }"/>
					</template:else>
				</template:if>
			</template:elseif>

			<template:else>
				<!-- Not supported -->
			</template:else>
		</template:if>
	</template:alias>
	</template:alias>

</core:FragmentDefinition>
