{"sapBrandColor":"#000000","sapHighlightColor":"#cc8700","sapBaseColor":"#dddddd","sapShellColor":"#ffffff","sapBackgroundColor":"#ffffff","sapFontFamily":"Arial, Helvetica, sans-serif","sapFontSize":"0.75em","sapTextColor":"#000000","sapLinkColor":"#000000","sapCompanyLogo":"none","sapBackgroundImage":"none","sapBackgroundImageOpacity":"1","sapBackgroundImageRepeat":"false","sapSelectedColor":"#2e9cea","sapActiveColor":"#cc8700","sapHighlightTextColor":"#ffffff","sapTitleColor":"#000000","sapNegativeColor":"#bb0000","sapCriticalColor":"#e78c07","sapPositiveColor":"#2b7d2b","sapNeutralColor":"#ffffff","sapNegativeElementColor":"#bb0000","sapCriticalElementColor":"#e78c07","sapPositiveElementColor":"#2b7d2b","sapNeutralElementColor":"#ffffff","sapContent_LineHeight":"1.3","sapContent_ElementHeight":"1.37em","sapContent_ElementHeight_PX":"22px","sapContent_IconHeight":"16px","sapContent_IconColor":"#000000","sapContent_ContrastIconColor":"#ffffff","sapContent_NonInteractiveIconColor":"#000000","sapContent_MarkerIconColor":"#000000","sapContent_MarkerTextColor":"#000000","sapContent_ImagePlaceholderBackground":"#ffffff","sapContent_ImagePlaceholderForegroundColor":"#585858","sapContent_FocusColor":"#000000","sapContent_ContrastFocusColor":"#ffffff","sapContent_ShadowColor":"#000000","sapContent_ContrastShadowColor":"#ffffff","sapContent_SearchHighlightColor":"#cc8700","sapContent_HelpColor":"#006500","sapContent_LabelColor":"#000000","sapContent_MonospaceFontFamily":"lucida console, monospace","sapContent_DisabledTextColor":"#666666","sapContent_DisabledOpacity":"0.5","sapContent_ContrastTextThreshold":"0.65","sapContent_ContrastTextColor":"#ffffff","sapContent_ForegroundColor":"#e5e5e5","sapContent_ForegroundBorderColor":"#000000","sapContent_ForegroundTextColor":"#000000","sapShell_Background":"#ffffff","sapShell_BackgroundImage":"#ffffff","sapShell_BackgroundGradient":"#ffffff","sapShell_BackgroundImageOpacity":"1","sapShell_BackgroundImageRepeat":"false","sapShell_BorderColor":"#666666","sapShell_TextColor":"#000000","sapShell_Favicon":"none","sapButton_BorderWidth":"1px","sapButton_BorderCornerRadius":"0","sapButton_Background":"#ffffff","sapButton_BorderColor":"#000000","sapButton_TextColor":"#000000","sapButton_Disabled_Background":"#ffffff","sapButton_Disabled_BorderColor":"#666666","sapButton_Disabled_TextColor":"#666666","sapButton_Hover_Background":"#cc8700","sapButton_Hover_BorderColor":"#000000","sapButton_Hover_TextColor":"#ffffff","sapButton_Emphasized_Background":"#ffffff","sapButton_Emphasized_BorderColor":"#000000","sapButton_Emphasized_TextColor":"#000000","sapButton_Reject_Background":"#ffffff","sapButton_Accept_Background":"#ffffff","sapField_Background":"#ffffff","sapField_BorderColor":"#000000","sapField_TextColor":"#000000","sapField_HelpBackground":"#ffffff","sapField_BorderWidth":"1px","sapField_BorderCornerRadius":"0","sapField_Hover_Background":"#ffffff","sapField_Hover_BorderColor":"#000000","sapField_Hover_HelpBackground":"#cc8700","sapField_Focus_Background":"#ffffff","sapField_Focus_BorderColor":"#000000","sapField_Focus_HelpBackground":"#ffffff","sapField_Disabled_Background":"#959595","sapField_Disabled_BorderColor":"#4f4f4f","sapField_Disabled_TextColor":"#666666","sapField_Disabled_HelpBackground":"#959595","sapField_ReadOnly_Background":"#959595","sapField_ReadOnly_BorderColor":"#4f4f4f","sapField_ReadOnly_HelpBackground":"#959595","sapField_RequiredColor":"#000000","sapField_InvalidColor":"#ffffff","sapField_InvalidBackground":"#cc8700","sapField_WarningColor":"#000000","sapField_WarningBackground":"#ffffff","sapField_SuccessColor":"#000000","sapField_SuccessBackground":"#ffffff","sapGroup_TitleBackground":"#ffffff","sapGroup_TitleBorderColor":"#000000","sapGroup_TitleTextColor":"#000000","sapGroup_Title_FontSize":"1em","sapGroup_ContentBackground":"#ffffff","sapGroup_ContentBorderColor":"#000000","sapGroup_BorderWidth":"1px","sapGroup_BorderCornerRadius":"0","sapGroup_FooterBackground":"#ffffff","sapToolbar_Background":"#ffffff","sapToolbar_SeparatorColor":"#000000","sapList_HeaderBackground":"#ffffff","sapList_HeaderBorderColor":"#000000","sapList_HeaderTextColor":"#000000","sapList_BorderColor":"#4f4f4f","sapList_BorderWidth":"1px","sapList_HighlightColor":"#cc8700","sapList_SelectionBackgroundColor":"#2e9cea","sapList_Background":"#ffffff","sapList_Hover_Background":"#cc8700","sapScrollBar_FaceColor":"#4f4f4f","sapScrollBar_TrackColor":"#ffffff","sapScrollBar_BorderColor":"#4f4f4f","sapScrollBar_SymbolColor":"#000000","sapScrollBar_Dimension":"16px","sapScrollBar_Hover_FaceColor":"#000000","sapPageHeader_Background":"#ffffff","sapPageHeader_BorderColor":"#000000","sapPageHeader_TextColor":"#000000","sapPageFooter_Background":"#ffffff","sapPageFooter_TextColor":"#000000","sapInfobar_Background":"#ffffff","sapObjectHeader_Background":"#ffffff","sapBlockLayer_Background":"#000000","sapTile_Background":"#ffffff","sapTile_BorderColor":"#000000","sapTile_TitleTextColor":"#000000","sapTile_TextColor":"#000000","sapTile_IconColor":"#000000","sapChart_OrderedColor_1":"#286ac3","sapChart_OrderedColor_2":"#d74114","sapChart_OrderedColor_3":"#057d47","sapChart_OrderedColor_4":"#e11e48","sapChart_OrderedColor_5":"#642eb2","sapChart_OrderedColor_6":"#03778c","sapChart_OrderedColor_7":"#232deb","sapChart_OrderedColor_8":"#9b136f","sapChart_OrderedColor_9":"#395563","sapChart_OrderedColor_10":"#e02e2e","sapChart_OrderedColor_11":"#0d3367","sapChart_Bad":"#ab0000","sapChart_Critical":"#5c5c00","sapChart_Good":"#006362","sapChart_Neutral":"#000000","sapChart_Sequence_1":"#286ac3","sapChart_Sequence_2":"#d74114","sapChart_Sequence_3":"#057d47","sapChart_Sequence_4":"#e11e48","sapChart_Sequence_5":"#642eb2","sapChart_Sequence_6":"#03778c","sapChart_Sequence_7":"#232deb","sapChart_Sequence_8":"#9b136f","sapChart_Sequence_9":"#395563","sapChart_Sequence_10":"#e02e2e","sapChart_Sequence_11":"#0d3367","sapChart_Sequence_Neutral":"#000000","sapUiBrand":"#000000","sapUiHighlight":"#cc8700","sapUiBaseColor":"#dddddd","sapUiShellColor":"#ffffff","sapUiBaseBG":"#ffffff","sapUiGlobalBackgroundColor":"#ffffff","sapUiBaseText":"#000000","sapUiLink":"#000000","sapUiGlobalLogo":"none","sapUiGlobalBackgroundImage":"none","sapUiBackgroundImage":"none","sapUiUx3ShellBackgroundImageURL":"none","sapUiGlobalBackgroundImageOpacity":"1","sapUiGlobalBackgroundRepeat":"false","sapUiSelected":"#2e9cea","sapUiActive":"#cc8700","sapUiHighlightTextColor":"#ffffff","sapUiTextTitle":"#000000","sapUiContentIconColor":"#000000","sapUiContentContrastIconColor":"#ffffff","sapUiContentNonInteractiveIconColor":"#000000","sapUiContentMarkerIconColor":"#000000","sapUiContentMarkerTextColor":"#000000","sapUiContentImagePlaceholderBackground":"#ffffff","sapUiContentImagePlaceholderForegroundColor":"#585858","sapUiContentFocusColor":"#000000","sapUiContentContrastFocusColor":"#ffffff","sapUiContentShadowColor":"#000000","sapUiContentContrastShadowColor":"#ffffff","sapUiContentSearchHighlightColor":"#cc8700","sapUiContentHelpColor":"#006500","sapUiContentLabelColor":"#000000","sapUiContentDisabledTextColor":"#666666","sapUiContentDisabledOpacity":"0.5","sapUiContentContrastTextThreshold":"0.65","sapUiContentContrastTextColor":"#ffffff","sapUiContentForegroundColor":"#e5e5e5","sapUiContentForegroundBorderColor":"#000000","sapUiContentForegroundTextColor":"#000000","sapUiShellBackground":"#ffffff","sapUiShellBackgroundImage":"#ffffff","sapUiShellBackgroundImageOpacity":"1","sapUiShellBackgroundImageRepeat":"false","sapUiShellBackgroundGradient":"#ffffff","sapUiShellBorderColor":"#666666","sapUiShellTextColor":"#000000","sapUiShellFavicon":"none","sapUiButtonBackground":"#ffffff","sapUiButtonBorderColor":"#000000","sapUiButtonTextColor":"#000000","sapUiButtonDisabledBackground":"#ffffff","sapUiButtonDisabledBorderColor":"#666666","sapUiButtonDisabledTextColor":"#666666","sapUiButtonHoverBackground":"#cc8700","sapUiButtonHoverBorderColor":"#000000","sapUiButtonHoverTextColor":"#ffffff","sapUiButtonEmphasizedBackground":"#ffffff","sapUiButtonEmphasizedBorderColor":"#000000","sapUiButtonEmphasizedTextColor":"#000000","sapUiButtonRejectBackground":"#ffffff","sapUiButtonAcceptBackground":"#ffffff","sapUiFieldBackground":"#ffffff","sapUiFieldBorderColor":"#000000","sapUiFieldTextColor":"#000000","sapUiFieldHelpBackground":"#ffffff","sapUiFieldHoverBackground":"#ffffff","sapUiFieldHoverBorderColor":"#000000","sapUiFieldHoverHelpBackground":"#cc8700","sapUiFieldFocusBackground":"#ffffff","sapUiFieldFocusBorderColor":"#000000","sapUiFieldFocusHelpBackground":"#ffffff","sapUiFieldReadOnlyBackground":"#959595","sapUiFieldReadOnlyBorderColor":"#4f4f4f","sapUiFieldReadOnlyHelpBackground":"#959595","sapUiFieldDisabledBackground":"#959595","sapUiFieldDisabledBorderColor":"#4f4f4f","sapUiFieldDisabledTextColor":"#666666","sapUiFieldDisabledHelpBackground":"#959595","sapUiFieldRequiredColor":"#000000","sapUiFieldInvalidColor":"#ffffff","sapUiFieldInvalidBackground":"#cc8700","sapUiFieldWarningColor":"#000000","sapUiFieldWarningBackground":"#ffffff","sapUiFieldSuccessColor":"#000000","sapUiFieldSuccessBackground":"#ffffff","sapUiGroupTitleBackground":"#ffffff","sapUiGroupTitleBorderColor":"#000000","sapUiGroupTitleTextColor":"#000000","sapUiGroupContentBackground":"#ffffff","sapUiGroupContentBorderColor":"#000000","sapUiGroupFooterBackground":"#ffffff","sapUiToolbarBackground":"#ffffff","sapUiToolbarSeparatorColor":"#000000","sapUiListHeaderBackground":"#ffffff","sapUiListHeaderBorderColor":"#000000","sapUiListHeaderTextColor":"#000000","sapUiListBorderColor":"#4f4f4f","sapUiListHighlightColor":"#cc8700","sapUiListSelectionBackgroundColor":"#2e9cea","sapUiListBackground":"#ffffff","sapUiListHoverBackground":"#cc8700","sapUiScrollBarFaceColor":"#4f4f4f","sapUiScrollBarTrackColor":"#ffffff","sapUiScrollBarBorderColor":"#4f4f4f","sapUiScrollBarSymbolColor":"#000000","sapUiScrollBarHoverFaceColor":"#000000","sapUiPageHeaderBackground":"#ffffff","sapUiPageHeaderBorderColor":"#000000","sapUiPageHeaderTextColor":"#d3d3d3","sapUiPageFooterBackground":"#ffffff","sapUiPageFooterTextColor":"#000000","sapUiInfobarBackground":"#ffffff","sapUiObjectHeaderBackground":"#ffffff","sapUiBlockLayerBackground":"#000000","sapUiTileBackground":"#ffffff","sapUiTileBorderColor":"#000000","sapUiTileTitleTextColor":"#000000","sapUiTileTextColor":"#000000","sapUiTileIconColor":"#000000","sapUiChart1":"#286ac3","sapUiChart2":"#d74114","sapUiChart3":"#057d47","sapUiChart4":"#e11e48","sapUiChart5":"#642eb2","sapUiChart6":"#03778c","sapUiChart7":"#232deb","sapUiChart8":"#9b136f","sapUiChart9":"#395563","sapUiChart10":"#e02e2e","sapUiChart11":"#0d3367","sapUiChartBad":"#ab0000","sapUiChartCritical":"#5c5c00","sapUiChartGood":"#006362","sapUiChartNeutral":"#000000","sapUiChartSequence1":"#286ac3","sapUiChartSequence2":"#d74114","sapUiChartSequence3":"#057d47","sapUiChartSequence4":"#e11e48","sapUiChartSequence5":"#642eb2","sapUiChartSequence6":"#03778c","sapUiChartSequence7":"#232deb","sapUiChartSequence8":"#9b136f","sapUiChartSequence9":"#395563","sapUiChartSequence10":"#e02e2e","sapUiChartSequence11":"#0d3367","sapUiChartSequenceNeutral":"#000000","sapUiAccent1":"#5f5800","sapUiAccent2":"#5e4101","sapUiAccent3":"#973333","sapUiAccent4":"#961d7c","sapUiAccent5":"#365892","sapUiAccent6":"#004ccb","sapUiAccent7":"#105b5b","sapUiAccent8":"#26340b","sapUiErrorBG":"#ff9a90","sapUiWarningBG":"#faf2b0","sapUiSuccessBG":"#e4f6e4","sapUiNeutralBG":"#ffffff","sapUiErrorBorder":"#ff0000","sapUiWarningBorder":"#ffff00","sapUiSuccessBorder":"#38a338","sapUiNeutralBorder":"#ffffff","sapUiNegativeElement":"#bb0000","sapUiCriticalElement":"#e78c07","sapUiPositiveElement":"#2b7d2b","sapUiNeutralElement":"#ffffff","sapUiNegativeText":"#ff0000","sapUiCriticalText":"#e78c07","sapUiPositiveText":"#b5e7a8","sapUiNeutralText":"#ffffff","sapUiNegative":"#bb0000","sapUiCritical":"#e78c07","sapUiPositive":"#2b7d2b","sapUiNeutral":"#ffffff","sapUiErrorColor":"#ee0000","sapUiWarningColor":"#f9a429","sapUiSuccessColor":"#38a338","sapUiFontFamily":"Arial, Helvetica, sans-serif","sapUiFontSize":"medium","sapUiFontCondensedFamily":"'Arial Narrow', HelveticaNeue-CondensedBold, Arial, sans-serif","sapUiFontHeaderFamily":"Arial, Helvetica, sans-serif","sapUiFontHeaderWeight":"normal","sapMFontHeader1Size":"1.625rem","sapMFontHeader2Size":"1.375rem","sapMFontHeader3Size":"1.25rem","sapMFontHeader4Size":"1.125rem","sapMFontHeader5Size":"1rem","sapMFontHeader6Size":"0.875rem","sapMFontSmallSize":"0.75rem","sapMFontMediumSize":"0.875rem","sapMFontLargeSize":"1rem","sapUiTranslucentBGOpacity":"80%","sapMPlatformDependent":"false","sapUiDesktopFontFamily":"Arial, Helvetica, sans-serif","sapUiDesktopFontSize":"12px","sapUiFontLargeSize":"13px","sapUiFontSmallSize":"11px","sapUiFontHeader1Size":"26px","sapUiFontHeader2Size":"20px","sapUiFontHeader3Size":"18px","sapUiFontHeader4Size":"16px","sapUiFontHeader5Size":"14px","sapUiFontHeader6Size":"13px","sapUiLineHeight":"18px","sapUiChartLabelHoverColor":"#cc8700","sapUiChartLabelPressedColor":"#d4d4d4","sapUiChartCategoryAxisLabelFontColor":"#000000","sapUiChartValueAxisLabelFontColor":"#3d3d3d","sapUiChartCategoryAxisLabelFontSize":"0.75rem","sapUiChartValueAxisLabelFontSize":"0.75rem","sapUiChartCategoryAxisLineColor":"#0d0d0d","sapUiChartValueAxisLineColor":"#0d0d0d","sapUiChartCategoryAxisTickColor":"#0d0d0d","sapUiChartValueAxisTickColor":"#0d0d0d","sapUiChartBackgroundColor":"transparent","sapUiChartLabelFontWeight":"normal","sapUiChartLegendLabelFontColor":"#000000","sapUiChartLegendTitleFontColor":"#000000","sapUiChartLegendTitleFontSize":"0.875rem","sapUiChartLegendLabelFontSize":"0.75rem","sapUiChartPaletteUndefinedColor":"#000000","sapUiChartGridlineColor":"#262626","sapUiChartReferenceLineColor":"#000000","sapUiChartDataLabelFontColor":"#000000","sapUiChartReferenceLineLabelColor":"#000000","sapUiChartDataLabelFontSize":"0.75rem","sapUiChartPopoverDataItemFontColor":"#000000","sapUiChartPopoverGroupFontColor":"#000000","sapUiChartPopoverDataItemFontSize":"0.875rem","sapUiChartPopoverGroupFontSize":"0.875rem","sapUiChartPopoverGroupFontWeight":"bold","sapUiChartScrollBarThumbColor":"#4f4f4f","sapUiChartScrollBarTrackColor":"#ffffff","sapUiChartScrollBarThumbHoverColor":"#000000","sapUiChartMainTitleFontColor":"#000000","sapUiChartAxisTitleFontColor":"#000000","sapUiChartMainTitleFontSize":"1rem","sapUiChartAxisTitleFontSize":"0.875rem","sapUiChartTitleFontWeight":"bold","sapUiChartLightText":"#3d3d3d","sapUiChartZeroAxisColor":"#000000","sapUiChartDataPointBorderColor":"#ffffff","sapUiChartDataPointBorderHoverSelectedColor":"#000000","sapUiChartDataPointNotSelectedBackgroundOpacity":"0.6","sapUiChartValueAxisLineOpacity":"0","sapUiChartCategoryAxisLabelFontHoverColor":"#000000","sapUiChartCategoryAxisLabelFontPressedColor":"#000000","sapUiChartTargetColor":"#000000","sapUiChartTargetShadowColor":"#ffffff","sapUiChartBubbleBGOpacity":"0.8","sapUiChartScrollbarBorderColor":"#8f8f8f","sapUiChartScrollbarBorderSize":"0","sapUiChartScrollbarThumbPadding":"0","sapUiChartNegativeLargeText":"#ab0000","sapUiChartCriticalLargeText":"#5c5c00","sapUiChartPositiveLargeText":"#006362","sapUiChartNeutralLargeText":"#000000","sapUiChartDataPointBG":"#4d4c4c","sapUiChartDataPointBGBorderColor":"#4d4c4c","sapUiChartDataLineColorWithBG":"#000000","sapUiChartDataLineColor":"#000000","sapUiChartRadialRemainingCircle":"#595959","sapUiChartRadialRemainingCircleBorderColor":"#595959","sapUiChartRadialBG":"#ffffff","sapUiChartPaletteQualitativeHue1":"#286ac3","sapUiChartPaletteQualitativeHue2":"#d74114","sapUiChartPaletteQualitativeHue3":"#057d47","sapUiChartPaletteQualitativeHue4":"#e11e48","sapUiChartPaletteQualitativeHue5":"#642eb2","sapUiChartPaletteQualitativeHue6":"#03778c","sapUiChartPaletteQualitativeHue7":"#232deb","sapUiChartPaletteQualitativeHue8":"#9b136f","sapUiChartPaletteQualitativeHue9":"#395563","sapUiChartPaletteQualitativeHue10":"#e02e2e","sapUiChartPaletteQualitativeHue11":"#0d3367","sapUiChartPaletteQualitativeHue12":"#0e4186","sapUiChartPaletteQualitativeHue13":"#922707","sapUiChartPaletteQualitativeHue14":"#014e2b","sapUiChartPaletteQualitativeHue15":"#92122d","sapUiChartPaletteQualitativeHue16":"#3b1079","sapUiChartPaletteQualitativeHue17":"#014956","sapUiChartPaletteQualitativeHue18":"#0e15a0","sapUiChartPaletteQualitativeHue19":"#660647","sapUiChartPaletteQualitativeHue20":"#0e232d","sapUiChartPaletteQualitativeHue21":"#9e0f0f","sapUiChartPaletteQualitativeHue22":"#041a38","sapUiChartPaletteSemanticBadLight3":"#ff4f4f","sapUiChartPaletteSemanticBadLight2":"#ff1c1c","sapUiChartPaletteSemanticBadLight1":"#e80000","sapUiChartPaletteSemanticBad":"#ab0000","sapUiChartPaletteSemanticBadDark1":"#870101","sapUiChartPaletteSemanticBadDark2":"#5e0000","sapUiChartPaletteSemanticCriticalLight3":"#f5f500","sapUiChartPaletteSemanticCriticalLight2":"#b3b300","sapUiChartPaletteSemanticCriticalLight1":"#808000","sapUiChartPaletteSemanticCritical":"#5c5c00","sapUiChartPaletteSemanticCriticalDark1":"#424200","sapUiChartPaletteSemanticCriticalDark2":"#1f1f00","sapUiChartPaletteSemanticGoodLight3":"#00fcf9","sapUiChartPaletteSemanticGoodLight2":"#00bab8","sapUiChartPaletteSemanticGoodLight1":"#008785","sapUiChartPaletteSemanticGood":"#006362","sapUiChartPaletteSemanticGoodDark1":"#003f3f","sapUiChartPaletteSemanticGoodDark2":"#001716","sapUiChartPaletteSemanticNeutralLight3":"#4d4c4c","sapUiChartPaletteSemanticNeutralLight2":"#343232","sapUiChartPaletteSemanticNeutralLight1":"#1a1919","sapUiChartPaletteSemanticNeutral":"#000000","sapUiChartPaletteSemanticNeutralDark1":"#000000","sapUiChartPaletteSemanticNeutralDark2":"#000000","sapUiChartPaletteSequentialHue1Light3":"#87acde","sapUiChartPaletteSequentialHue1Light2":"#6b99d6","sapUiChartPaletteSequentialHue1Light1":"#4880cb","sapUiChartPaletteSequentialHue1":"#286ac3","sapUiChartPaletteSequentialHue1Dark1":"#1b57a7","sapUiChartPaletteSequentialHue1Dark2":"#0e4186","sapUiChartPaletteSequentialHue2Light3":"#faa085","sapUiChartPaletteSequentialHue2Light2":"#ee7f5e","sapUiChartPaletteSequentialHue2Light1":"#e15f38","sapUiChartPaletteSequentialHue2":"#d74114","sapUiChartPaletteSequentialHue2Dark1":"#b6340d","sapUiChartPaletteSequentialHue2Dark2":"#922707","sapUiChartPaletteSequentialHue3Light3":"#87c7aa","sapUiChartPaletteSequentialHue3Light2":"#5aad87","sapUiChartPaletteSequentialHue3Light1":"#2e9667","sapUiChartPaletteSequentialHue3":"#057d47","sapUiChartPaletteSequentialHue3Dark1":"#036639","sapUiChartPaletteSequentialHue3Dark2":"#014e2b","sapUiChartPaletteSequentialHue4Light3":"#e7b1bc","sapUiChartPaletteSequentialHue4Light2":"#e58096","sapUiChartPaletteSequentialHue4Light1":"#e34f6f","sapUiChartPaletteSequentialHue4":"#e11e48","sapUiChartPaletteSequentialHue4Dark1":"#ba183a","sapUiChartPaletteSequentialHue4Dark2":"#92122d","sapUiChartPaletteSequentialHue5Light3":"#c5b3e0","sapUiChartPaletteSequentialHue5Light2":"#a789d1","sapUiChartPaletteSequentialHue5Light1":"#8358c0","sapUiChartPaletteSequentialHue5":"#642eb2","sapUiChartPaletteSequentialHue5Dark1":"#4e1d95","sapUiChartPaletteSequentialHue5Dark2":"#3b1079","sapUiChartPaletteSequentialHue6Light3":"#a6ccd3","sapUiChartPaletteSequentialHue6Light2":"#6eafba","sapUiChartPaletteSequentialHue6Light1":"#3893a3","sapUiChartPaletteSequentialHue6":"#03778c","sapUiChartPaletteSequentialHue6Dark1":"#026274","sapUiChartPaletteSequentialHue6Dark2":"#014956","sapUiChartPaletteSequentialHue7Light3":"#b5b8f2","sapUiChartPaletteSequentialHue7Light2":"#858aef","sapUiChartPaletteSequentialHue7Light1":"#545bed","sapUiChartPaletteSequentialHue7":"#232deb","sapUiChartPaletteSequentialHue7Dark1":"#1821c8","sapUiChartPaletteSequentialHue7Dark2":"#0e15a0","sapUiChartPaletteSequentialHue8Light3":"#d6a9c7","sapUiChartPaletteSequentialHue8Light2":"#c37aab","sapUiChartPaletteSequentialHue8Light1":"#ae478d","sapUiChartPaletteSequentialHue8":"#9b136f","sapUiChartPaletteSequentialHue8Dark1":"#830c5d","sapUiChartPaletteSequentialHue8Dark2":"#660647","sapUiChartPaletteSequentialHue9Light3":"#adb6bb","sapUiChartPaletteSequentialHue9Light2":"#83959d","sapUiChartPaletteSequentialHue9Light1":"#617783","sapUiChartPaletteSequentialHue9":"#395563","sapUiChartPaletteSequentialHue9Dark1":"#233a46","sapUiChartPaletteSequentialHue9Dark2":"#0e232d","sapUiChartPaletteSequentialHue10Light3":"#fbc0c0","sapUiChartPaletteSequentialHue10Light2":"#f28d8d","sapUiChartPaletteSequentialHue10Light1":"#e95d5d","sapUiChartPaletteSequentialHue10":"#e02e2e","sapUiChartPaletteSequentialHue10Dark1":"#c11f1f","sapUiChartPaletteSequentialHue10Dark2":"#9e0f0f","sapUiChartPaletteSequentialHue11Light3":"#7d90a9","sapUiChartPaletteSequentialHue11Light2":"#597296","sapUiChartPaletteSequentialHue11Light1":"#33537e","sapUiChartPaletteSequentialHue11":"#0d3367","sapUiChartPaletteSequentialHue11Dark1":"#08254e","sapUiChartPaletteSequentialHue11Dark2":"#041a38","sapUiChartPaletteSequentialNeutralLight3":"#4d4c4c","sapUiChartPaletteSequentialNeutralLight2":"#343232","sapUiChartPaletteSequentialNeutralLight1":"#1a1919","sapUiChartPaletteSequentialNeutral":"#000000","sapUiChartPaletteSequentialNeutralDark1":"#000000","sapUiChartPaletteSequentialNeutralDark2":"#000000","sapUiChoroplethBG":"#6b6b6b","sapUiChoroplethRegionBorder":"#404040","sapUiChoroplethRegionBG":"#343232","sapUiMapLegendBG":"#ffffff","sapUiMapLegendBorderColor":"#0d0d0d","sapUiShellHoverBackground":"#000000","sapUiShellActiveBackground":"#000000","sapUiShellActiveTextColor":"#000000","sapUiShellHoverToggleBackground":"#2e9cea","sapUiShellContainerBackground":"#ffffff","sapUiShellAltContainerBackground":"#ffffff","sapUiShellGroupTextColor":"#000000","sapUiUx3ShellHeaderColor":"#ffffff","sapUiUx3ShellBackgroundColor":"#ffffff","sapUiUx3ShellHoverColor":"#000000","sapUiUx3ShellGradientBottom":"#ffffff","sapUiUx3ShellGradientTop":"#fdfcf7","sapUiUx3ShellToolPaletteIconFontColor":"#8899aa","sapUiUx3ExactLstExpandOffset":"0 0","sapUiUx3ExactLstRootExpandOffset":"0 3","sapUiUx3ExactLstContentTop":"25px","sapUiLinkActive":"#000000","sapUiLinkVisited":"#000000","sapUiLinkHover":"#000000","sapUiLinkInverted":"#000000","sapUiNotificationBarBG":"rgba(128, 128, 128, 0.92)","sapUiNotifierSeparator":"#808080","sapUiNotifierSeparatorWidth":"2px","sapUiNotificationBarBorder":"rgba(128, 128, 128, 0.92)","sapUiUx3ToolPopupInverted":"true","sapUiUx3ToolPopupArrowRightMarginCorrection":"-2px","sapUiUx3ToolPopupShadow":"0px 6px 12px 0px rgba(0, 0, 0, 0.3)","sapUiCalloutShadow":"0px 6px 12px 0px rgba(0, 0, 0, 0.3)","sapUiButtonIconColor":"#000000","sapUiButtonActiveBackground":"#cc8700","sapUiButtonActiveBorderColor":"#cc8700","sapUiButtonActiveTextColor":"#ffffff","sapUiButtonEmphasizedHoverBackground":"#f2f2f2","sapUiButtonEmphasizedHoverBorderColor":"#f2f2f2","sapUiButtonEmphasizedActiveBackground":"#cc8700","sapUiButtonEmphasizedActiveBorderColor":"#cc8700","sapUiButtonEmphasizedTextShadow":"rgba(0, 0, 0, 0.5)","sapUiButtonAcceptBorderColor":"#2b7d2b","sapUiButtonAcceptHoverBackground":"#cc8700","sapUiButtonAcceptHoverBorderColor":"#2b7d2b","sapUiButtonAcceptActiveBackground":"#2b7d2b","sapUiButtonAcceptActiveBorderColor":"#2b7d2b","sapUiButtonAcceptTextColor":"#b5e7a8","sapUiButtonRejectBorderColor":"#bb0000","sapUiButtonRejectHoverBackground":"#cc8700","sapUiButtonRejectHoverBorderColor":"#bb0000","sapUiButtonRejectActiveBackground":"#bb0000","sapUiButtonRejectActiveBorderColor":"#bb0000","sapUiButtonRejectTextColor":"#ff0000","sapUiButtonLiteBackground":"rgba(0, 0, 0, 0)","sapUiButtonLiteBorderColor":"rgba(0, 0, 0, 0)","sapUiButtonLiteTextColor":"#000000","sapUiButtonLiteHoverBackground":"rgba(117, 78, 0, 0.5)","sapUiButtonLiteHoverBorderColor":"rgba(117, 78, 0, 0.5)","sapUiButtonLiteActiveBackground":"#cc8700","sapUiButtonLiteActiveBorderColor":"#cc8700","sapUiButtonHeaderTextColor":"#000000","sapUiButtonHeaderDisabledTextColor":"#000000","sapUiButtonFooterTextColor":"#000000","sapUiButtonFooterHoverBackground":"rgba(117, 78, 0, 0.5)","sapUiButtonActionSelectBackground":"#ffffff","sapUiButtonActionSelectBorderColor":"#4f4f4f","sapUiButtonLiteActionSelectHoverBackground":"#cc8700","sapUiToggleButtonPressedBackground":"#cc8700","sapUiToggleButtonPressedBorderColor":"#b37600","sapUiToggleButtonPressedTextColor":"#ffffff","sapUiToggleButtonPressedHoverBackground":"#b37600","sapUiToggleButtonPressedHoverBorderColor":"#b37600","sapUiSegmentedButtonBackground":"#ffffff","sapUiSegmentedButtonBorderColor":"#141414","sapUiSegmentedButtonTextColor":"#000000","sapUiSegmentedButtonHoverBackground":"#cc8700","sapUiSegmentedButtonActiveBackground":"#cc8700","sapUiSegmentedButtonActiveTextColor":"#ffffff","sapUiSegmentedButtonSelectedBackground":"#cc8700","sapUiSegmentedButtonSelectedTextColor":"#ffffff","sapUiSegmentedButtonSelectedHoverBackground":"#b37600","sapUiSegmentedButtonSelectedHoverBorderColor":"#b37600","sapUiSegmentedButtonIconColor":"#000000","sapUiSegmentedButtonActiveIconColor":"#ffffff","sapUiSegmentedButtonSelectedIconColor":"#ffffff","sapUiSegmentedButtonFooterBorderColor":"#141414","sapUiSegmentedButtonFooterHoverBackground":"#cc8700","sapUiFieldActiveBackground":"#cc8700","sapUiFieldActiveBorderColor":"#cc8700","sapUiFieldActiveTextColor":"#ffffff","sapUiFieldPlaceholderTextColor":"#707070","sapUiListTextColor":"#333333","sapUiListVerticalBorderColor":"#474747","sapUiListActiveBackground":"#cc8700","sapUiListActiveTextColor":"#ffffff","sapUiListSelectionHoverBackground":"#2095e9","sapUiListFooterBackground":"#ffffff","sapUiListFooterTextColor":"#000000","sapUiListGroupHeaderBackground":"#ffffff","sapUiListTableGroupHeaderBackground":"#f2f2f2","sapUiListTableGroupHeaderBorderColor":"#363636","sapUiListTableGroupHeaderTextColor":"#333333","sapUiListTableFooterBorder":"#363636","sapUiListTableFixedBorder":"#030303","sapUiListTableTextSize":"0.875rem","sapUiListTableIconSize":"1rem","sapUiPageFooterBorderColor":"#ebebeb","sapUiInfobarHoverBackground":"#ebebeb","sapUiInfobarActiveBackground":"#d9d9d9","sapUiObjectHeaderBorderColor":"#ebebeb","sapUiCalendarColorToday":"#000000","sapUiDragAndDropColor":"#000000","sapUiDragAndDropBackground":"#ffffff","sapUiDragAndDropBorderColor":"#000000","sapUiDragAndDropActiveColor":"#006500","sapUiDragAndDropActiveBackground":"#ffffff","sapUiDragAndDropActiveBorderColor":"#006500","sapUiShadowLevel0":"0 0 0 1px #000000","sapUiShadowLevel1":"0 0.125rem 1rem 0 rgba(255, 255, 255, 0.4), 0 0 0 2px #000000","sapUiShadowLevel2":"0 0.625rem 2rem 0 rgba(255, 255, 255, 0.5), 0 0 0 2px #000000","sapUiShadowLevel3":"0 1.25rem 4rem 0 rgba(255, 255, 255, 0.7), 0 0 0 2px #000000","sapUiShadowText":"none","sapUiShadowHeader":"inset 0 -0.125rem #ebebeb","sapUiUx3ShellHeaderImageURL":"","sapUiUx3ShellApplicationImageURL":"none","sapUiPurple":"#800080","sapUiOrange":"#ffa500","sapUiGreen":"#008000","sapUiBlue":"#0000ff","sapUiRed":"#ff0000","sapUiYellow":"#ffff00","sapUiBase":"#000000","sapUiBaseBorder":"#000000","sapUiBaseLine":"#000000","sapUiWhite":"#ffffff","sapUiWhiteBG":"#ffffff","sapUiExtraLightBG":"#ffffff","sapUiLightBG":"#d3d3d3","sapUiMediumBG":"#808080","sapUiDarkBG":"#a9a9a9","sapUiDeepBG":"#000000","sapUiBlackBG":"#000000","sapUiHoverBG":"#808080","sapUiMediumAltBG":"#808080","sapUiDarkAltBG":"#a9a9a9","sapUiButtonStandardBG":"#ffffff","sapUiButtonEmphasizedBG":"#ffff00","sapUiButtonNegativeBG":"#ff0000","sapUiButtonPositiveBG":"#008000","sapUiReadOnlyBG":"#808080","sapUiExtraLightText":"#d3d3d3","sapUiLightText":"#d3d3d3","sapUiMediumText":"#808080","sapUiDarkText":"#a9a9a9","sapUiDeepText":"#000000","sapUiText":"#000000","sapUiTextInverted":"#ffffff","sapUiWhiteBorder":"#ffffff","sapUiExtraLightBorder":"#d3d3d3","sapUiLightBorder":"#808080","sapUiMediumBorder":"#000000","sapUiDarkBorder":"#000000","sapUiBlackBorder":"#000000","sapUiElement":"#d3d3d3","sapUiInvertedElement":"#ffffff","sapUiLightLine":"#d3d3d3","sapUiMediumLine":"#808080","sapUiEmphasizedLine":"#cc8700","sapUiDarkLine":"#a9a9a9","sapUiLightShadowTint":"#ffffff","sapUiDarkShadowTint":"#000000","sapUiFocus":"#000000","sapUiInvertedFocus":"#ffffff","sapUiTableRowBG":"#ffffff","sapUiTableRowAlternatingBG":"#ffffff","sapUiTableRowSelectionBG":"#cc8700","sapUiTableRowSelectionReadOnlyBG":"#cc8700","sapUiTableRowHoverBG":"#808080","sapUiListBG":"#f7f7f7","sapUiTextColor":"#008000","sapUiTextTitleColor":"#008000","sapUiTextSelectionColor":"#008000","sapUiTextDisabled":"#999999","sapUiTextSelection":"#ffffff","sapUiTextfieldBackground":"#ffffff","sapUiFontMonospaceFamily":"Lucida Console","sapUiUx3ShellSideBarBaseWidth":"40px","sapUiUx3ShellPaneOverflowButtonHeight":"120px","sapUiUx3ExactLstCollapseWidth":"24px","sapUiUx3ExactLstHeaderHeight":"25px","sapUiNotificationBarBG_IE":"#808080","sapUiNotifierHoverColor":"#cc8700","sapUiNotificationText":"#000000","sapUiNotificationTimestamp":"#545454","sapUiNotificationBarCalloutBorder":"rgba(128, 128, 128, 0)","sapUiNotificationBarCalloutBorder_IE":"#808080","sapUiNotificationBarCalloutArr":"rgba(128, 128, 128, 0.92)","sapUiNotificationBarHeight":"40px","sapUiNotificationBarHeightMinimized":"0px","sapUiNotificationBarHeightMaximized":"40%","sapUiNotifierWidth":"40px","sapUiRIIconPaddingXS":"1px","sapUiRIIconPaddingS":"0.125rem","sapUiRIIconPaddingM":"0.1875rem","sapUiRIIconPaddingL":"0.25rem","sapUiRIIconPaddingCozy":"0.1875rem","sapUiRIIconPaddingCompact":"0.125rem","sapUiRIIconPaddingCondensed":"0.125rem","sapUiRIIconPaddingDisplayOnly":"0.125rem","sapUiRIIconSizeCozy":"1.375rem","sapUiRIIconSizeCompact":"1rem","sapUiRIIconSizeCondensed":"1rem","sapUiRIIconSizeDisplayOnly":"1rem","sapUiUx3ToolPopupArrowWidth":"13px","sapUiUx3ToolPopupArrowHeight":"24px","sapUiUx3ToolPopupArrowRightMarginCorrectionInverted":"-7px","sapUiUx3TPPaddingBottom":"50px","sapUiButtonEmphasizedDisabledBorderColor":"#000000","sapUiButtonEmphasizedDisabledBackground":"#ffffff","sapUiButtonAcceptDisabledBorderColor":"#2b7d2b","sapUiButtonAcceptDisabledBackground":"#ffffff","sapUiButtonRejectDisabledBorderColor":"#bb0000","sapUiButtonRejectDisabledBackground":"#ffffff","sapUiToggleButtonPressedDisabledBackground":"#cc8700","sapUiToggleButtonPressedDisabledBorderColor":"#b37600","sapUiToggleButtonPressedDisabledTextColor":"#bfbfbf","sapUiPositiveBG":"#b5e7a8","sapUiShadowTint":"#000000","sapUiShadow":"5px 5px 10px rgba(0, 0, 0, 0.5)","sapUiThemeDesignerCustomCss":"false","sapUiMarginTiny":"0.5rem","sapUiMarginSmall":"1rem","sapUiMarginMedium":"2rem","sapUiMarginLarge":"3rem","sapUiEscapedEmptyString":"","sapUiLightBoxMagnifyingGlassBorder":"none","sapUiLightBoxMagnifyingGlassBackgroundColor":"#000000"}