<core:FragmentDefinition xmlns:template="http://schemas.sap.com/sapui5/extension/sap.ui.core.template/1"
						 xmlns="sap.m"
						 xmlns:mdcx="sap.ui.mdc.experimental"
						 xmlns:core="sap.ui.core">

	<OverflowToolbar>
		<Title id="template::Title"
			   text="{= ${entitySet>./@com.sap.vocabularies.UI.v1.HeaderInfo/TypeNamePlural} + ' ({headerContext>$count})'}"/>
		<ToolbarSpacer/>

		<template:repeat list="{lineItem>}" var="dataField">
			<template:if
					test="{= ${dataField>$Type} === 'com.sap.vocabularies.UI.v1.DataFieldForAction' &amp;&amp; ${dataField>Inline} !== true }">

				<mdcx:Action text="{dataField>Label}" callAction="handleCallAction" actionName="{dataField>Action}"
						   emphasized="{= ${dataField>Determining} === true }" multiplicityFrom="1"
						   mode="{= (${dataField>InvocationGrouping/$EnumMember} === 'com.sap.vocabularies.UI.v1.OperationGroupingType/ChangeSet') ? 'ChangeSet' : 'Isolated' }"
						   type="Transparent"/>

			</template:if>
		</template:repeat>
		<OverflowToolbarButton type="Transparent" text="sort" icon="sap-icon://sort" press="onStandardActionClick"/>
		<!-- Need to check with UX if Filter items has to be implemented here
		<OverflowToolbarButton type="Transparent" text="filter" icon="sap-icon://filter" press="onStandardActionClick"/>-->
		<OverflowToolbarButton type="Transparent" text="group" icon="sap-icon://group-2" press="onStandardActionClick" visible="{= ${this>type} === 'ResponsiveTable' }"/>
		<!--Will be implemented later -->
		<!--<OverflowToolbarButton type="Transparent" text="columns" icon="sap-icon://action-settings"
							   press="onStandardActionClick"/>-->
	</OverflowToolbar>

</core:FragmentDefinition>
